{
    "id": "165859",
    "user_id": "1131",
    "before": {
        "otorisasi": "Ya"
    },
    "after": {
        "otorisasi": "Ya"
    },
    "waktu_otorisasi": "2019-11-14 02:43:02"
}
,{
    "id": "165859",
    "user_id": "1131",
    "before": {
        "otorisasi": "Ya"
    },
    "after": {
        "otorisasi": "Ya"
    },
    "waktu_otorisasi": "2019-11-14 02:52:32"
},{
    "id": "2",
    "user_id": 1130,
    "before": {
        "otorisasi": "Tidak"
    },
    "after": {
        "otorisasi": "Ya"
    },
    "waktu_otorisasi": "2019-11-14 11:47:17"
},{
    "id": "1",
    "user_id": 1130,
    "before": {
        "otorisasi": "Tidak"
    },
    "after": {
        "otorisasi": "Ya"
    },
    "waktu_otorisasi": "2019-11-14 14:07:53"
},{
    "id": "1",
    "user_id": 1130,
    "before": {
        "otorisasi": "Ya"
    },
    "after": {
        "otorisasi": "Ya"
    },
    "waktu_otorisasi": "2019-11-14 14:35:57"
},{
    "id": "1",
    "user_id": 1130,
    "before": {
        "otorisasi": "Ya"
    },
    "after": {
        "otorisasi": "Ya"
    },
    "waktu_otorisasi": "2019-11-14 14:36:33"
},{
    "id": "1",
    "user_id": 1130,
    "before": {
        "otorisasi": "Ya"
    },
    "after": {
        "otorisasi": "Ya"
    },
    "waktu_otorisasi": "2019-11-14 14:37:59"
},{
    "id": "1",
    "user_id": 1130,
    "before": {
        "otorisasi": "Ya"
    },
    "after": {
        "otorisasi": "Ya"
    },
    "waktu_otorisasi": "2019-11-14 14:51:20"
}